{
  "auc": 0.7922526089852713,
  "flip": false,
  "acc": {
    "score": 0.7354838709677419,
    "threshold": 0.49
  },
  "mcc": {
    "score": 0.4718869909907182,
    "threshold": 0.49
  },
  "pnl": {
    "score": 20963.999999999953,
    "threshold": 0.495
  },
  "active": true
}