{
  "auc": 0.5643760505883295,
  "flip": false,
  "acc": {
    "score": 0.5651612903225807,
    "threshold": 0.54
  },
  "mcc": {
    "score": 0.1312263592750781,
    "threshold": 0.5650000000000001
  },
  "pnl": {
    "score": 1396.2999999999493,
    "threshold": 0.425
  },
  "active": true
}